<?xml version="1.0" encoding="UTF-8"?>
<!DOCTYPE suite SYSTEM "https://testng.org/testng-1.0.dtd">
<suite thread-count="5" name="Suite" verbose="5" parallel="tests">

  <test name="EnglishTest">
  <parameter name="language" value="English"></parameter>
    <classes>
      <class name="testcases.LoginAndLogout"/>
    </classes>
  </test> <!-- Test -->
  
  <test name="FrenchTest">
  <parameter name="language" value="French"></parameter>
    <classes>
      <class name="testcases.LoginAndLogout"/>
    </classes>
  </test> <!-- Test -->
  
  
</suite> <!-- Suite -->
