<?xml version="1.0" encoding="UTF-8"?>
<!DOCTYPE suite SYSTEM "https://testng.org/testng-1.0.dtd">
<suite thread-count="5" name="Suite" parallel="tests">

  <test  name="ChromeTest">
  <parameter name="browser" value="Chrome"></parameter>
  <parameter name="language" value="English"></parameter>
    <classes>
      <class name="testcases.LoginAndLogout"/>
    </classes>
  </test> <!-- Test -->
  
  <test  name="FirefoxTest">
  <parameter name="browser" value="Firefox"></parameter>
  <parameter name="language" value="English"></parameter>
    <classes>
      <class name="testcases.LoginAndLogout"/>
    </classes>
  </test> <!-- Test -->
  
  <test  name="EdgeTest">
  <parameter name="browser" value="Edge"></parameter>
  <parameter name="language" value="English"></parameter>
    <classes>
      <class name="testcases.LoginAndLogout"/>
    </classes>
  </test> <!-- Test -->
  
  
  
</suite> <!-- Suite -->
